{"threshold": 0.5, "metrics": {"roc_auc": 0.9778123492644103, "pr_auc": 0.8768090919950975}}